{
  "visual_consistency": {
    "average_similarity": 0.4822723711706855,
    "min_similarity": 0.1723638281921699,
    "max_similarity": 0.7223356510228053,
    "panel_pair_scores": [
      0.6355559716250238,
      0.26910321069034326,
      0.681961793336054,
      0.2089312879458511,
      0.5634108995125031,
      0.1723638281921699,
      0.6869901675716302,
      0.3285282624004829,
      0.701537965457042,
      0.3117766311882017,
      0.7223356510228053,
      0.2567710253613062,
      0.6315759070067125,
      0.2507616484778764,
      0.6982948384836117,
      0.3533211011561409,
      0.6690753214717402,
      0.3098918865313953,
      0.7109876548121346
    ]
  },
  "image_quality": {
    "average_contrast": 76.46589452325114,
    "contrast_scores": [
      81.83544368531203,
      77.22743631431379,
      78.76136231670793,
      73.18149380517924,
      88.74174541422009,
      83.86399876568763,
      75.59217293295598,
      70.93450845985575,
      78.45571043864331,
      72.15396329050857,
      76.12704452739884,
      72.87166964507347,
      74.77635325966946,
      68.02766518786154,
      80.21559991528068,
      75.67851651711463,
      81.43647356140023,
      72.39193316625362,
      76.50725350706205,
      70.53754575452406
    ]
  }
}