{
  "average_contrast": 76.46589452325114,
  "contrast_scores": [
    81.83544368531203,
    77.22743631431379,
    78.76136231670793,
    73.18149380517924,
    88.74174541422009,
    83.86399876568763,
    75.59217293295598,
    70.93450845985575,
    78.45571043864331,
    72.15396329050857,
    76.12704452739884,
    72.87166964507347,
    74.77635325966946,
    68.02766518786154,
    80.21559991528068,
    75.67851651711463,
    81.43647356140023,
    72.39193316625362,
    76.50725350706205,
    70.53754575452406
  ]
}