{
  "inception_score": 1.1357017755508423,
  "inception_score_std": 0.08198745548725128
}